"After the 13th Emblem, data for Emblems when they're enemies/NPC",,,,,,,,Includes invisible skills,,,,,,,,,Includes invisible skills,,,,,,,,,,,,,
Unreleased DLC Emblems have no data other than their names.,,,,,,,,"For Stat +X skills, if a higher one exists, it overwrites the lower one.",,,,,,,,,,,,,,,,,,,,,,
Emblem,Bond Lv,Proficiency,,Inheritable Skills,,,,Sync Skills,,,,,,,,,Engage Skills,,,Engage weapons,,,Backup,Cavalry,Covert,Armor,Flying,Mystical,Qi Adept,Dragon
Marth,0,---,,---,---,---,,---,---,---,---,---,---,---,---,,---,---,,---,---,---,---,---,---,---,---,---,---,---
,1,---,,Perceptive [250 SP],Avoid +10 [500 SP],---,,Perceptive,Strength +1,Dexterity +1,Speed +1,Effective: Medeus,---,---,---,,Divine Speed,Foe Engage Attack Damage/2,,Rapier,---,---,---,---,---,---,---,---,---,---
,2,---,,Sword Agility 1 [500 SP],---,---,,Dexterity +2,---,---,---,---,---,---,---,,---,---,,---,---,---,---,---,---,---,---,---,---,---
,3,---,,Break Defenses [2000 SP],---,---,,Break Defenses,---,---,---,---,---,---,---,,---,---,,---,---,---,---,---,---,---,---,---,---,---
,4,---,,Avoid +15 [1500 SP],---,---,,Speed +2,---,---,---,---,---,---,---,,---,---,,---,---,---,---,---,---,---,---,---,---,---
,5,---,,---,---,---,,---,---,---,---,---,---,---,---,,---,---,,---,---,---,---,---,---,---,---,---,---,---
,6,---,,Sword Agility 2 [1000 SP],---,---,,Strength +2,---,---,---,---,---,---,---,,---,---,,---,---,---,---,---,---,---,---,---,---,---
,7,---,,Unyielding [100 SP],---,---,,Unyielding,---,---,---,---,---,---,---,,---,---,,---,---,---,---,---,---,---,---,---,---,---
,8,Sword,,Sword Agility 3 [2000 SP],---,---,,---,---,---,---,---,---,---,---,,---,---,,---,---,---,---,---,---,---,---,---,---,---
,9,---,,Avoid +20 [2500 SP],---,---,,Dexterity +3,---,---,---,---,---,---,---,,---,---,,---,---,---,---,---,---,---,---,---,---,---
,10,---,,---,---,---,,---,---,---,---,---,---,---,---,,---,---,,Mercurius,---,---,---,---,---,---,---,---,---,---
,11,---,,---,---,---,,---,---,---,---,---,---,---,---,,---,---,,---,---,---,---,---,---,---,---,---,---,---
,12,---,,Unyielding+ [200 SP],---,---,,Unyielding+,---,---,---,---,---,---,---,,---,---,,---,---,---,---,---,---,---,---,---,---,---
,13,---,,Sword Agility 4 [3000 SP],---,---,,Speed +3,---,---,---,---,---,---,---,,---,---,,---,---,---,---,---,---,---,---,---,---,---
,14,---,,Avoid +25 [3500 SP],---,---,,Strength +3,---,---,---,---,---,---,---,,---,---,,---,---,---,---,---,---,---,---,---,---,---
,15,---,,---,---,---,,---,---,---,---,---,---,---,---,,---,---,,Falchion,---,---,---,---,---,---,---,---,---,---
,16,---,,Perceptive+ [500 SP],---,---,,Perceptive+,---,---,---,---,---,---,---,,---,---,,---,---,---,---,---,---,---,---,---,---,---
,17,---,,Sword Agility 5 [4000 SP],---,---,,Dexterity +4,---,---,---,---,---,---,---,,---,---,,---,---,---,---,---,---,---,---,---,---,---
,18,---,,Unyielding++ [300 SP],---,---,,Unyielding++,---,---,---,---,---,---,---,,---,---,,---,---,---,---,---,---,---,---,---,---,---
,19,---,,Avoid +30 [4500 SP],---,---,,Speed +4,---,---,---,---,---,---,---,,---,---,,---,---,---,---,---,---,---,---,---,---,---
,20,---,,---,---,---,,---,---,---,---,---,---,---,---,,---,---,,---,---,---,---,---,---,---,---,---,---,---
Sigurd,0,---,,---,---,---,,---,---,---,---,---,---,---,---,,---,---,,---,---,---,---,---,---,---,---,---,---,---
,1,---,,Canter [1000 SP],Hit +10 [500 SP],---,,Canter,Dexterity +1,Defense +1,Bld +1,Movement +1,Effective: Loptous,---,---,,Gallop,Foe Engage Attack Damage/2,,Ridersbane,---,---,---,---,---,---,---,---,---,---
,2,---,,Lance Power 1 [1000 SP],---,---,,Defense +2,---,---,---,---,---,---,---,,---,---,,---,---,---,---,---,---,---,---,---,---,---
,3,---,,Momentum [1000 SP],---,---,,Momentum,---,---,---,---,---,---,---,,---,---,,---,---,---,---,---,---,---,---,---,---,---
,4,---,,Hit +15 [1000 SP],---,---,,Dexterity +2,---,---,---,---,---,---,---,,---,---,,---,---,---,---,---,---,---,---,---,---,---
,5,---,,---,---,---,,---,---,---,---,---,---,---,---,,---,---,,---,---,---,---,---,---,---,---,---,---,---
,6,Lance,,Lance Power 2 [2000 SP],---,---,,---,---,---,---,---,---,---,---,,---,---,,---,---,---,---,---,---,---,---,---,---,---
,7,---,,Headlong Rush [200 SP],---,---,,Headlong Rush,---,---,---,---,---,---,---,,---,---,,---,---,---,---,---,---,---,---,---,---,---
,8,---,,Lance Power 3 [3000 SP],---,---,,Bld +2,---,---,---,---,---,---,---,,---,---,,---,---,---,---,---,---,---,---,---,---,---
,9,Sword,,---,---,---,,---,---,---,---,---,---,---,---,,---,---,,---,---,---,---,---,---,---,---,---,---,---
,10,---,,---,---,---,,---,---,---,---,---,---,---,---,,---,---,,Brave Lance,---,---,---,---,---,---,---,---,---,---
,11,---,,---,---,---,,---,---,---,---,---,---,---,---,,---,---,,---,---,---,---,---,---,---,---,---,---,---
,12,---,,Hit +20 [1500 SP],---,---,,Defense +3,---,---,---,---,---,---,---,,---,---,,---,---,---,---,---,---,---,---,---,---,---
,13,---,,Canter+ [2000 SP],---,---,,Canter+,---,---,---,---,---,---,---,,---,---,,---,---,---,---,---,---,---,---,---,---,---
,14,---,,Lance Power 4 [4000 SP],---,---,,Dexterity +3,---,---,---,---,---,---,---,,---,---,,---,---,---,---,---,---,---,---,---,---,---
,15,---,,---,---,---,,---,---,---,---,---,---,---,---,,---,---,,Tyrfing,---,---,---,---,---,---,---,---,---,---
,16,---,,Hit +25 [2000 SP],---,---,,Build +3,---,---,---,---,---,---,---,,---,---,,---,---,---,---,---,---,---,---,---,---,---
,17,---,,Momentum+ [2000 SP],---,---,,Momentum+,---,---,---,---,---,---,---,,---,---,,---,---,---,---,---,---,---,---,---,---,---
,18,---,,Lance Power 5 [5000 SP],---,---,,Defense +4,---,---,---,---,---,---,---,,---,---,,---,---,---,---,---,---,---,---,---,---,---
,19,---,,Hit +30 [2500 SP],---,---,,Dexterity +4,---,---,---,---,---,---,---,,---,---,,---,---,---,---,---,---,---,---,---,---,---
,20,---,,---,---,---,,---,---,---,---,---,---,---,---,,---,---,,---,---,---,---,---,---,---,---,---,---,---
Celica,0,---,,---,---,---,,---,---,---,---,---,---,---,---,,---,---,,---,---,---,---,---,---,---,---,---,---,---
,1,---,,Magic +2 [1000 SP],Holy Stance [100 SP],---,,Magic +2,Holy Stance,Resistance +1,Strength +1,Effective: Duma,---,---,---,,Echo,Foe Engage Attack Damage/2,,Seraphim,---,---,---,---,---,---,---,---,---,---
,2,---,,Magic +3 [3000 SP],---,---,,Magic +3,---,---,---,---,---,---,---,,---,---,,---,---,---,---,---,---,---,---,---,---,---
,3,---,,Resonance [2000 SP],---,---,,Resonance,---,---,---,---,---,---,---,,---,---,,---,---,---,---,---,---,---,---,---,---,---
,4,---,,Tome Precision 1 [100 SP],---,---,,Resistance +3,---,---,---,---,---,---,---,,---,---,,---,---,---,---,---,---,---,---,---,---,---
,5,---,,---,---,---,,---,---,---,---,---,---,---,---,,---,---,,---,---,---,---,---,---,---,---,---,---,---
,6,Tome,,---,---,---,,---,---,---,---,---,---,---,---,,---,---,,---,---,---,---,---,---,---,---,---,---,---
,7,---,,Tome Precision 2 [300 SP],---,---,,Strength +2,---,---,---,---,---,---,---,,---,---,,---,---,---,---,---,---,---,---,---,---,---
,8,---,,Favorite Food [200 SP],---,---,,Favorite Food,---,---,---,---,---,---,---,,---,---,,---,---,---,---,---,---,---,---,---,---,---
,9,Sword,,Tome Precision 3 [700 SP],---,---,,---,---,---,---,---,---,---,---,,---,---,,---,---,---,---,---,---,---,---,---,---,---
,10,---,,---,---,---,,---,---,---,---,---,---,---,---,,---,---,,Recover,---,---,---,---,---,---,---,---,---,---
,11,---,,---,---,---,,---,---,---,---,---,---,---,---,,---,---,,---,---,---,---,---,---,---,---,---,---,---
,12,---,,Holy Stance+ [500 SP],---,---,,Holy Stance+,---,---,---,---,---,---,---,,---,---,,---,---,---,---,---,---,---,---,---,---,---
,13,---,,Magic +4 [4000 SP],---,---,,Magic +4,---,---,---,---,---,---,---,,---,---,,---,---,---,---,---,---,---,---,---,---,---
,14,---,,Tome Precision 4 [1000 SP],---,---,,Resistance +4,---,---,---,---,---,---,---,,---,---,,---,---,---,---,---,---,---,---,---,---,---
,15,---,,---,---,---,,---,---,---,---,---,---,---,---,,---,---,,Ragnarok,---,---,---,---,---,---,---,---,---,---
,16,---,,Resonance+ [3000 SP],---,---,,Resonance+,---,---,---,---,---,---,---,,---,---,,---,---,---,---,---,---,---,---,---,---,---
,17,---,,Tome Precision 5 [2000 SP],---,---,,Strength +3,---,---,---,---,---,---,---,,---,---,,---,---,---,---,---,---,---,---,---,---,---
,18,---,,Holy Stance++ [1000 SP],---,---,,Holy Stance++,---,---,---,---,---,---,---,,---,---,,---,---,---,---,---,---,---,---,---,---,---
,19,---,,Magic +5 [5000 SP],---,---,,Magic +5,---,---,---,---,---,---,---,,---,---,,---,---,---,---,---,---,---,---,---,---,---
,20,---,,---,---,---,,---,---,---,---,---,---,---,---,,---,---,,---,---,---,---,---,---,---,---,---,---,---
Micaiah,0,---,,---,---,---,,---,---,---,---,---,---,---,---,,---,---,,---,---,---,---,---,---,---,---,---,---,---
,1,---,,Resistance +2 [300 SP],---,---,,Resistance +2,Magic +1,Luck +2,Cleric,Effective: Ashera,---,---,---,,Augment,Foe Engage Attack Damage/2,,Shine,---,---,---,---,---,---,---,---,---,---
,2,---,,Staff Mastery 1 [100 SP],---,---,,Magic +2,---,---,---,---,---,---,---,,---,---,,---,---,---,---,---,---,---,---,---,---,---
,3,Staff,,Healing Light [200 SP],---,---,,Healing Light,---,---,---,---,---,---,---,,---,---,,---,---,---,---,---,---,---,---,---,---,---
,4,---,,Resistance +3 [500 SP],---,---,,Resistance +3,---,---,---,---,---,---,---,,---,---,,---,---,---,---,---,---,---,---,---,---,---
,5,---,,---,---,---,,---,---,---,---,---,---,---,---,,---,---,,---,---,---,---,---,---,---,---,---,---,---
,6,Dagger,,---,---,---,,---,---,---,---,---,---,---,---,,---,---,,---,---,---,---,---,---,---,---,---,---,---
,7,---,,Silence Ward [200 SP],---,---,,Silence Ward,---,---,---,---,---,---,---,,---,---,,---,---,---,---,---,---,---,---,---,---,---
,8,---,,Staff Mastery 2 [300 SP],---,---,,Luck +4,---,---,---,---,---,---,---,,---,---,,---,---,---,---,---,---,---,---,---,---,---
,9,Tome,,---,---,---,,---,---,---,---,---,---,---,---,,---,---,,---,---,---,---,---,---,---,---,---,---,---
,10,---,,---,---,---,,---,---,---,---,---,---,---,---,,---,---,,Nosferatu,---,---,---,---,---,---,---,---,---,---
,11,---,,---,---,---,,---,---,---,---,---,---,---,---,,---,---,,---,---,---,---,---,---,---,---,---,---,---
,12,---,,Staff Mastery 3 [500 SP],---,---,,Magic +3,---,---,---,---,---,---,---,,---,---,,---,---,---,---,---,---,---,---,---,---,---
,13,---,,---,---,---,,Cleric+,---,---,---,---,---,---,---,,---,---,,---,---,---,---,---,---,---,---,---,---,---
,14,---,,Resistance +4 [1000 SP],---,---,,Resistance +4,---,---,---,---,---,---,---,,---,---,,---,---,---,---,---,---,---,---,---,---,---
,15,---,,---,---,---,,---,---,---,---,---,---,---,---,,---,---,,Thani,---,---,---,---,---,---,---,---,---,---
,16,---,,Staff Mastery 4 [700 SP],---,---,,Luck +6,---,---,---,---,---,---,---,,---,---,,---,---,---,---,---,---,---,---,---,---,---
,17,---,,Staff Mastery 5 [1000 SP],---,---,,Magic +4,---,---,---,---,---,---,---,,---,---,,---,---,---,---,---,---,---,---,---,---,---
,18,---,,---,---,---,,Cleric++,---,---,---,---,---,---,---,,---,---,,---,---,---,---,---,---,---,---,---,---,---
,19,---,,Resistance +5 [2000 SP],---,---,,Resistance +5,---,---,---,---,---,---,---,,---,---,,---,---,---,---,---,---,---,---,---,---,---
,20,---,,---,---,---,,---,---,---,---,---,---,---,---,,---,---,,---,---,---,---,---,---,---,---,---,---,---
Roy,0,---,,---,---,---,,---,---,---,---,---,---,---,---,,---,---,,---,---,---,---,---,---,---,---,---,---,---
,1,---,,Strength +1 [500 SP],Hold Out [2000 SP],---,,Strength +1,Hold Out,HP +5,Resistance +1,Effective: Idunn,---,---,---,,Rise Above,Foe Engage Attack Damage/2,,Lancereaver,---,---,---,---,---,---,---,---,---,---
,2,---,,Strength +2 [1000 SP],---,---,,Strength +2,---,---,---,---,---,---,---,,---,---,,---,---,---,---,---,---,---,---,---,---,---
,3,---,,Advance [500 SP],---,---,,Advance,---,---,---,---,---,---,---,,---,---,,---,---,---,---,---,---,---,---,---,---,---
,4,---,,Sword Power 1 [1000 SP],---,---,,HP +7,---,---,---,---,---,---,---,,---,---,,---,---,---,---,---,---,---,---,---,---,---
,5,---,,---,---,---,,---,---,---,---,---,---,---,---,,---,---,,---,---,---,---,---,---,---,---,---,---,---
,6,Sword,,---,---,---,,---,---,---,---,---,---,---,---,,---,---,,---,---,---,---,---,---,---,---,---,---,---
,7,---,,Sword Power 2 [2000 SP],---,---,,Resistance +2,---,---,---,---,---,---,---,,---,---,,---,---,---,---,---,---,---,---,---,---,---
,8,---,,Hold Out+ [3000 SP],---,---,,Hold Out+,---,---,---,---,---,---,---,,---,---,,---,---,---,---,---,---,---,---,---,---,---
,9,---,,Strength +3 [3000 SP],Sword Power 3 [3000 SP],---,,Strength +3,---,---,---,---,---,---,---,,---,---,,---,---,---,---,---,---,---,---,---,---,---
,10,---,,---,---,---,,---,---,---,---,---,---,---,---,,---,---,,Wyrmslayer,---,---,---,---,---,---,---,---,---,---
,11,---,,---,---,---,,---,---,---,---,---,---,---,---,,---,---,,---,---,---,---,---,---,---,---,---,---,---
,12,---,,Sword Power 4 [4000 SP],---,---,,HP +10,---,---,---,---,---,---,---,,---,---,,---,---,---,---,---,---,---,---,---,---,---
,13,---,,Hold Out++ [4000 SP],---,---,,Hold Out++,---,---,---,---,---,---,---,,---,---,,---,---,---,---,---,---,---,---,---,---,---
,14,---,,Strength +4 [4000 SP],---,---,,Strength +4,---,---,---,---,---,---,---,,---,---,,---,---,---,---,---,---,---,---,---,---,---
,15,---,,---,---,---,,---,---,---,---,---,---,---,---,,---,---,,Binding Blade,---,---,---,---,---,---,---,---,---,---
,16,---,,Sword Power 5 [5000 SP],---,---,,Resistance +3,---,---,---,---,---,---,---,,---,---,,---,---,---,---,---,---,---,---,---,---,---
,17,---,,Strength +5 [5000 SP],---,---,,Strength +5,---,---,---,---,---,---,---,,---,---,,---,---,---,---,---,---,---,---,---,---,---
,18,---,,Hold Out+++ [5000 SP],---,---,,Hold Out+++,---,---,---,---,---,---,---,,---,---,,---,---,---,---,---,---,---,---,---,---,---
,19,---,,Strength +6 [6000 SP],---,---,,Strength +6,---,---,---,---,---,---,---,,---,---,,---,---,---,---,---,---,---,---,---,---,---
,20,---,,---,---,---,,---,---,---,---,---,---,---,---,,---,---,,---,---,---,---,---,---,---,---,---,---,---
Leif,0,---,,---,---,---,,---,---,---,---,---,---,---,---,,---,---,,---,---,---,---,---,---,---,---,---,---,---
,1,---,,Build +3 [500 SP],Arms Shield [200 SP],---,,Build +3,Arms Shield,HP +3,Defense +1,Effective: Veld,---,---,---,,Adaptable,Foe Engage Attack Damage/2,,Killer Axe,---,---,---,---,---,---,---,---,---,---
,2,Axe,,---,---,---,,---,---,---,---,---,---,---,---,,---,---,,---,---,---,---,---,---,---,---,---,---,---
,3,Bow,,Vantage [500 SP],---,---,,Vantage,---,---,---,---,---,---,---,,---,---,,---,---,---,---,---,---,---,---,---,---,---
,4,Dagger,,Knife Precision 1 [100 SP],---,---,,---,---,---,---,---,---,---,---,,---,---,,---,---,---,---,---,---,---,---,---,---,---
,5,---,,---,---,---,,---,---,---,---,---,---,---,---,,---,---,,---,---,---,---,---,---,---,---,---,---,---
,6,Staff,,Build +4 [1000 SP],---,---,,Build +4,---,---,---,---,---,---,---,,---,---,,---,---,---,---,---,---,---,---,---,---,---
,7,Lance,,Arms Shield+ [400 SP],---,---,,Arms Shield+,---,---,---,---,---,---,---,,---,---,,---,---,---,---,---,---,---,---,---,---,---
,8,Sword,,---,---,---,,---,---,---,---,---,---,---,---,,---,---,,---,---,---,---,---,---,---,---,---,---,---
,9,---,,Knife Precision 2 [300 SP],---,---,,HP +5,---,---,---,---,---,---,---,,---,---,,---,---,---,---,---,---,---,---,---,---,---
,10,---,,---,---,---,,---,---,---,---,---,---,---,---,,---,---,,Master Lance,---,---,---,---,---,---,---,---,---,---
,11,---,,---,---,---,,---,---,---,---,---,---,---,---,,---,---,,---,---,---,---,---,---,---,---,---,---,---
,12,---,,Vantage+ [1000 SP],---,---,,Vantage+,---,---,---,---,---,---,---,,---,---,,---,---,---,---,---,---,---,---,---,---,---
,13,---,,Knife Precision 3 [700 SP],---,---,,Defense +2,---,---,---,---,---,---,---,,---,---,,---,---,---,---,---,---,---,---,---,---,---
,14,---,,Build +5 [2000 SP],---,---,,Build +5,---,---,---,---,---,---,---,,---,---,,---,---,---,---,---,---,---,---,---,---,---
,15,---,,---,---,---,,---,---,---,---,---,---,---,---,,---,---,,Light Brand,---,---,---,---,---,---,---,---,---,---
,16,---,,Arms Shield++ [600 SP],---,---,,Arms Shield++,---,---,---,---,---,---,---,,---,---,,---,---,---,---,---,---,---,---,---,---,---
,17,---,,Knife Precision 4 [1000 SP],---,---,,HP +7,---,---,---,---,---,---,---,,---,---,,---,---,---,---,---,---,---,---,---,---,---
,18,---,,Vantage++ [2000 SP],---,---,,Vantage++,---,---,---,---,---,---,---,,---,---,,---,---,---,---,---,---,---,---,---,---,---
,19,---,,Knife Precision 5 [2000 SP],---,---,,Defense +3,---,---,---,---,---,---,---,,---,---,,---,---,---,---,---,---,---,---,---,---,---
,20,---,,---,---,---,,---,---,---,---,---,---,---,---,,---,---,,---,---,---,---,---,---,---,---,---,---,---
Lucina,0,---,,---,---,---,,---,---,---,---,---,---,---,---,,---,---,,---,---,---,---,---,---,---,---,---,---,---
,1,---,,Dexterity +1 [100 SP],---,---,,Dexterity +1,Speed +1,Luck +2,Dual Strike,Effective: Grima,---,---,---,,Bonded Shield,Foe Engage Attack Damage/2,,Noble Rapier,---,---,---,---,---,---,---,---,---,---
,2,---,,Dexterity +2 [300 SP],---,---,,Dexterity +2,---,---,---,---,---,---,---,,---,---,,---,---,---,---,---,---,---,---,---,---,---
,3,---,,Dual Assist [1000 SP],---,---,,Dual Assist,---,---,---,---,---,---,---,,---,---,,---,---,---,---,---,---,---,---,---,---,---
,4,---,,Bow Agility 1 [500 SP],---,---,,Speed +2,---,---,---,---,---,---,---,,---,---,,---,---,---,---,---,---,---,---,---,---,---
,5,---,,---,---,---,,---,---,---,---,---,---,---,---,,---,---,,---,---,---,---,---,---,---,---,---,---,---
,6,Sword,,---,---,---,,---,---,---,---,---,---,---,---,,---,---,,---,---,---,---,---,---,---,---,---,---,---
,7,---,,Bow Agility 2 [1000 SP],---,---,,Luck +4,---,---,---,---,---,---,---,,---,---,,---,---,---,---,---,---,---,---,---,---,---
,8,Bow,,---,---,---,,---,---,---,---,---,---,---,---,,---,---,,---,---,---,---,---,---,---,---,---,---,---
,9,---,,Dexterity +3 [500 SP],---,---,,Dexterity +3,---,---,---,---,---,---,---,,---,---,,---,---,---,---,---,---,---,---,---,---,---
,10,---,,---,---,---,,---,---,---,---,---,---,---,---,,---,---,,Parthia,---,---,---,---,---,---,---,---,---,---
,11,---,,---,---,---,,---,---,---,---,---,---,---,---,,---,---,,---,---,---,---,---,---,---,---,---,---,---
,12,---,,Bow Agility 3 [2000 SP],---,---,,Speed +3,---,---,---,---,---,---,---,,---,---,,---,---,---,---,---,---,---,---,---,---,---
,13,---,,Dual Support [2000 SP],---,---,,Dual Support,---,---,---,---,---,---,---,,---,---,,---,---,---,---,---,---,---,---,---,---,---
,14,---,,Bow Agility 4 [3000 SP],---,---,,Luck +6,---,---,---,---,---,---,---,,---,---,,---,---,---,---,---,---,---,---,---,---,---
,15,---,,---,---,---,,---,---,---,---,---,---,---,---,,---,---,,Parallel Falchion,---,---,---,---,---,---,---,---,---,---
,16,---,,Dexterity +4 [1000 SP],---,---,,Dexterity +4,---,---,---,---,---,---,---,,---,---,,---,---,---,---,---,---,---,---,---,---,---
,17,---,,Bow Agility 5 [4000 SP],---,---,,Speed +4,---,---,---,---,---,---,---,,---,---,,---,---,---,---,---,---,---,---,---,---,---
,18,---,,Dual Assist+ [2000 SP],---,---,,Dual Assist+,---,---,---,---,---,---,---,,---,---,,---,---,---,---,---,---,---,---,---,---,---
,19,---,,Dexterity +5 [2000 SP],---,---,,Dexterity +5,---,---,---,---,---,---,---,,---,---,,---,---,---,---,---,---,---,---,---,---,---
,20,---,,---,---,---,,---,---,---,---,---,---,---,---,,---,---,,---,---,---,---,---,---,---,---,---,---,---
Lyn,0,---,,---,---,---,,---,---,---,---,---,---,---,---,,---,---,,---,---,---,---,---,---,---,---,---,---,---
,1,---,,Speed +1 [100 SP],Alacrity [1000 SP],---,,Speed +1,Alacrity,Dexterity +1,Resistance +1,Effective: Nergal,---,---,---,,Call Doubles,Foe Engage Attack Damage/2,,Killer Bow,---,---,---,---,---,---,---,---,---,---
,2,---,,Speed +2 [300 SP],---,---,,Speed +2,---,---,---,---,---,---,---,,---,---,,---,---,---,---,---,---,---,---,---,---,---
,3,---,,Speedtaker [2000 SP],---,---,,Speedtaker,---,---,---,---,---,---,---,,---,---,,---,---,---,---,---,---,---,---,---,---,---
,4,---,,Bow Focus 1 [100 SP],---,---,,Dexterity +2,---,---,---,---,---,---,---,,---,---,,---,---,---,---,---,---,---,---,---,---,---
,5,---,,---,---,---,,---,---,---,---,---,---,---,---,,---,---,,---,---,---,---,---,---,---,---,---,---,---
,6,Bow,,---,---,---,,---,---,---,---,---,---,---,---,,---,---,,---,---,---,---,---,---,---,---,---,---,---
,7,---,,Bow Focus 2 [300 SP],---,---,,Resistance +2,---,---,---,---,---,---,---,,---,---,,---,---,---,---,---,---,---,---,---,---,---
,8,Sword,,---,---,---,,---,---,---,---,---,---,---,---,,---,---,,---,---,---,---,---,---,---,---,---,---,---
,9,---,,Speed +3 [500 SP],---,---,,Speed +3,---,---,---,---,---,---,---,,---,---,,---,---,---,---,---,---,---,---,---,---,---
,10,---,,---,---,---,,---,---,---,---,---,---,---,---,,---,---,,Mani Katti,---,---,---,---,---,---,---,---,---,---
,11,---,,---,---,---,,---,---,---,---,---,---,---,---,,---,---,,---,---,---,---,---,---,---,---,---,---,---
,12,---,,Bow Focus 3 [500 SP],---,---,,Dexterity +3,---,---,---,---,---,---,---,,---,---,,---,---,---,---,---,---,---,---,---,---,---
,13,---,,Alacrity+ [2000 SP],---,---,,Alacrity+,---,---,---,---,---,---,---,,---,---,,---,---,---,---,---,---,---,---,---,---,---
,14,---,,Bow Focus 4 [700 SP],---,---,,Resistance +3,---,---,---,---,---,---,---,,---,---,,---,---,---,---,---,---,---,---,---,---,---
,15,---,,---,---,---,,---,---,---,---,---,---,---,---,,---,---,,Mulagir,---,---,---,---,---,---,---,---,---,---
,16,---,,Speed +4 [1000 SP],---,---,,Speed +4,---,---,---,---,---,---,---,,---,---,,---,---,---,---,---,---,---,---,---,---,---
,17,---,,Bow Focus 5 [1000 SP],---,---,,Dexterity +4,---,---,---,---,---,---,---,,---,---,,---,---,---,---,---,---,---,---,---,---,---
,18,---,,Alacrity++ [3000 SP],---,---,,Alacrity++,---,---,---,---,---,---,---,,---,---,,---,---,---,---,---,---,---,---,---,---,---
,19,---,,Speed +5 [2000 SP],---,---,,Speed +5,---,---,---,---,---,---,---,,---,---,,---,---,---,---,---,---,---,---,---,---,---
,20,---,,---,---,---,,---,---,---,---,---,---,---,---,,---,---,,---,---,---,---,---,---,---,---,---,---,---
Ike,0,---,,---,---,---,,---,---,---,---,---,---,---,---,,---,---,,---,---,---,---,---,---,---,---,---,---,---
,1,---,,Defense +1 [100 SP],Demolish [200 SP],Resolve [1000 SP],,Defense +1,Demolish,Resolve,Strength +1,HP +3,Effective: Ashnard,---,---,,Laguz Friend,Foe Engage Attack Damage/2,,Hammer,---,---,---,---,---,---,---,---,---,---
,2,---,,Defense +2 [300 SP],---,---,,Defense +2,---,---,---,---,---,---,---,,---,---,,---,---,---,---,---,---,---,---,---,---,---
,3,---,,Reposition [200 SP],---,---,,Reposition,---,---,---,---,---,---,---,,---,---,,---,---,---,---,---,---,---,---,---,---,---
,4,---,,Axe Power 1 [1000 SP],---,---,,Strength +2,---,---,---,---,---,---,---,,---,---,,---,---,---,---,---,---,---,---,---,---,---
,5,---,,---,---,---,,---,---,---,---,---,---,---,---,,---,---,,---,---,---,---,---,---,---,---,---,---,---
,6,Axe,,---,---,---,,---,---,---,---,---,---,---,---,,---,---,,---,---,---,---,---,---,---,---,---,---,---
,7,---,,Axe Power 2 [2000 SP],---,---,,HP +5,---,---,---,---,---,---,---,,---,---,,---,---,---,---,---,---,---,---,---,---,---
,8,---,,Defense +3 [500 SP],---,---,,Defense +3,---,---,---,---,---,---,---,,---,---,,---,---,---,---,---,---,---,---,---,---,---
,9,Sword,,---,---,---,,---,---,---,---,---,---,---,---,,---,---,,---,---,---,---,---,---,---,---,---,---,---
,10,---,,---,---,---,,---,---,---,---,---,---,---,---,,---,---,,Urvan,---,---,---,---,---,---,---,---,---,---
,11,---,,---,---,---,,---,---,---,---,---,---,---,---,,---,---,,---,---,---,---,---,---,---,---,---,---,---
,12,---,,Axe Power 3 [3000 SP],---,---,,Strength +3,---,---,---,---,---,---,---,,---,---,,---,---,---,---,---,---,---,---,---,---,---
,13,---,,Wrath [2000 SP],---,---,,Wrath,---,---,---,---,---,---,---,,---,---,,---,---,---,---,---,---,---,---,---,---,---
,14,---,,Axe Power 4 [4000 SP],---,---,,HP +7,---,---,---,---,---,---,---,,---,---,,---,---,---,---,---,---,---,---,---,---,---
,15,---,,---,---,---,,---,---,---,---,---,---,---,---,,---,---,,Ragnell,---,---,---,---,---,---,---,---,---,---
,16,---,,Defense +4 [1000 SP],---,---,,Defense +4,---,---,---,---,---,---,---,,---,---,,---,---,---,---,---,---,---,---,---,---,---
,17,---,,Axe Power 5 [5000 SP],---,---,,Strength +4,---,---,---,---,---,---,---,,---,---,,---,---,---,---,---,---,---,---,---,---,---
,18,---,,Resolve+ [2000 SP],---,---,,Resolve+,---,---,---,---,---,---,---,,---,---,,---,---,---,---,---,---,---,---,---,---,---
,19,---,,Defense +5 [2000 SP],---,---,,Defense +5,---,---,---,---,---,---,---,,---,---,,---,---,---,---,---,---,---,---,---,---,---
,20,---,,---,---,---,,---,---,---,---,---,---,---,---,,---,---,,---,---,---,---,---,---,---,---,---,---,---
Byleth,0,---,,---,---,---,,---,---,---,---,---,---,---,---,,---,---,,---,---,---,---,---,---,---,---,---,---,---
,1,---,,Luck +2 [100 SP],Divine Pulse [250 SP],---,,Luck +2,Divine Pulse,Magic +1,Speed +1,Effective: Nemesis,---,---,---,,Instruct,Foe Engage Attack Damage/2,,---,---,---,Blutgang,Areadbhar,Failnaught,Aegis Shield,Lúin,Thyrsus,Rafail Gem,Aymr
,2,---,,Luck +4 [300 SP],---,---,,Luck +4,---,---,---,---,---,---,---,,---,---,,---,---,---,---,---,---,---,---,---,---,---
,3,---,,Mentorship [250 SP],---,---,,Mentorship,---,---,---,---,---,---,---,,---,---,,---,---,---,---,---,---,---,---,---,---,---
,4,---,,Art Focus 1 [100 SP],---,---,,---,---,---,---,---,---,---,---,,---,---,,---,---,---,---,---,---,---,---,---,---,---
,5,---,,---,---,---,,---,---,---,---,---,---,---,---,,---,---,,---,---,---,---,---,---,---,---,---,---,---
,6,Arts,,Art Focus 2 [300 SP],---,---,,Magic +2,---,---,---,---,---,---,---,,---,---,,---,---,---,---,---,---,---,---,---,---,---
,7,---,,Art Focus 3 [500 SP],---,---,,Speed +2,---,---,---,---,---,---,---,,---,---,,---,---,---,---,---,---,---,---,---,---,---
,8,---,,Luck +6 [500 SP],---,---,,Luck +6,---,---,---,---,---,---,---,,---,---,,---,---,---,---,---,---,---,---,---,---,---
,9,Sword,,---,---,---,,---,---,---,---,---,---,---,---,,---,---,,---,---,---,---,---,---,---,---,---,---,---
,10,---,,---,---,---,,---,---,---,---,---,---,---,---,,---,---,,Vajra-Mushti,---,---,---,---,---,---,---,---,---,---
,11,---,,---,---,---,,---,---,---,---,---,---,---,---,,---,---,,---,---,---,---,---,---,---,---,---,---,---
,12,---,,Art Focus 4 [700 SP],---,---,,Magic +3,---,---,---,---,---,---,---,,---,---,,---,---,---,---,---,---,---,---,---,---,---
,13,---,,Lost & Found [250 SP],---,---,,Lost & Found,---,---,---,---,---,---,---,,---,---,,---,---,---,---,---,---,---,---,---,---,---
,14,---,,Art Focus 5 [1000 SP],---,---,,Speed +3,---,---,---,---,---,---,---,,---,---,,---,---,---,---,---,---,---,---,---,---,---
,15,---,,---,---,---,,---,---,---,---,---,---,---,---,,---,---,,Sword of the Creator,---,---,---,---,---,---,---,---,---,---
,16,---,,Luck +8 [1000 SP],---,---,,Luck +8,---,---,---,---,---,---,---,,---,---,,---,---,---,---,---,---,---,---,---,---,---
,17,---,,Luck +10 [2000 SP],---,---,,Luck +10,---,---,---,---,---,---,---,,---,---,,---,---,---,---,---,---,---,---,---,---,---
,18,---,,Divine Pulse+ [500 SP],---,---,,Divine Pulse+,---,---,---,---,---,---,---,,---,---,,---,---,---,---,---,---,---,---,---,---,---
,19,---,,Luck +12 [3000 SP],---,---,,Luck +12,---,---,---,---,---,---,---,,---,---,,---,---,---,---,---,---,---,---,---,---,---
,20,---,,---,---,---,,---,---,---,---,---,---,---,---,,---,---,,---,---,---,---,---,---,---,---,---,---,---
Corrin,0,---,,---,---,---,,---,---,---,---,---,---,---,---,,---,---,,---,---,---,---,---,---,---,---,---,---,---
,1,---,,HP +5 [300 SP],---,---,,HP +5,Magic +1,Resistance +1,Dragon Vein,Effective: Anankos,---,---,---,,Dreadful Aura,Foe Engage Attack Damage/2,,Dual Katana,---,---,---,---,---,---,---,---,---,---
,2,---,,HP +7 [500 SP],---,---,,HP +7,---,---,---,---,---,---,---,,---,---,,---,---,---,---,---,---,---,---,---,---,---
,3,---,,Quality Time [250 SP],---,---,,Quality Time,---,---,---,---,---,---,---,,---,---,,---,---,---,---,---,---,---,---,---,---,---
,4,---,,Sword Focus 1 [100 SP],---,---,,Magic +2,---,---,---,---,---,---,---,,---,---,,---,---,---,---,---,---,---,---,---,---,---
,5,---,,---,---,---,,---,---,---,---,---,---,---,---,,---,---,,---,---,---,---,---,---,---,---,---,---,---
,6,Sword,,---,---,---,,---,---,---,---,---,---,---,---,,---,---,,---,---,---,---,---,---,---,---,---,---,---
,7,---,,Sword Focus 2 [300 SP],---,---,,Resistance +2,---,---,---,---,---,---,---,,---,---,,---,---,---,---,---,---,---,---,---,---,---
,8,---,,Draconic Hex [2000 SP],---,---,,Draconic Hex,---,---,---,---,---,---,---,,---,---,,---,---,---,---,---,---,---,---,---,---,---
,9,---,,HP +10 [1000 SP],---,---,,HP +10,---,---,---,---,---,---,---,,---,---,,---,---,---,---,---,---,---,---,---,---,---
,10,---,,---,---,---,,---,---,---,---,---,---,---,---,,---,---,,Wakizashi,---,---,---,---,---,---,---,---,---,---
,11,---,,---,---,---,,---,---,---,---,---,---,---,---,,---,---,,---,---,---,---,---,---,---,---,---,---,---
,12,---,,Sword Focus 3 [500 SP],---,---,,Magic +3,---,---,---,---,---,---,---,,---,---,,---,---,---,---,---,---,---,---,---,---,---
,13,---,,Pair Up [2000 SP],---,---,,Pair Up,---,---,---,---,---,---,---,,---,---,,---,---,---,---,---,---,---,---,---,---,---
,14,---,,Sword Focus 4 [700 SP],---,---,,Resistance +3,---,---,---,---,---,---,---,,---,---,,---,---,---,---,---,---,---,---,---,---,---
,15,---,,---,---,---,,---,---,---,---,---,---,---,---,,---,---,,Yato,---,---,---,---,---,---,---,---,---,---
,16,---,,HP +12 [2000 SP],---,---,,HP +12,---,---,---,---,---,---,---,,---,---,,---,---,---,---,---,---,---,---,---,---,---
,17,---,,Sword Focus 5 [1000 SP],---,---,,Magic +4,---,---,---,---,---,---,---,,---,---,,---,---,---,---,---,---,---,---,---,---,---
,18,---,,Quality Time+ [500 SP],---,---,,Quality Time+,---,---,---,---,---,---,---,,---,---,,---,---,---,---,---,---,---,---,---,---,---
,19,---,,HP +15 [3000 SP],---,---,,HP +15,---,---,---,---,---,---,---,,---,---,,---,---,---,---,---,---,---,---,---,---,---
,20,---,,---,---,---,,---,---,---,---,---,---,---,---,,---,---,,---,---,---,---,---,---,---,---,---,---,---
Eirika,0,---,,---,---,---,,---,---,---,---,---,---,---,---,,---,---,,---,---,---,---,---,---,---,---,---,---,---
,1,---,,Lunar Brace [3000 SP],Dodge +10 [500 SP],---,,Night and Day,Lunar Brace,Luck +2,Dexterity +1,Magic +1,Effective: Fomortiis,Lunar Brace,---,,Sacred Twins,Foe Engage Attack Damage/2,,Rapier,---,---,---,---,---,---,---,---,---,---
,2,---,,Lance Agility 1 [500 SP],---,---,,Luck +4,---,---,---,---,---,---,---,,---,---,,---,---,---,---,---,---,---,---,---,---,---
,3,---,,Gentility [2000 SP],---,---,,Gentility,---,---,---,---,---,---,---,,---,---,,---,---,---,---,---,---,---,---,---,---,---
,4,---,,Dodge +15 [1000 SP],---,---,,Dexterity +2,---,---,---,---,---,---,---,,---,---,,---,---,---,---,---,---,---,---,---,---,---
,5,---,,---,---,---,,---,---,---,---,---,---,---,---,,---,---,,---,---,---,---,---,---,---,---,---,---,---
,6,Lance,,---,---,---,,---,---,---,---,---,---,---,---,,---,---,,---,---,---,---,---,---,---,---,---,---,---
,7,---,,Lance Agility 2 [1000 SP],---,---,,Magic +2,---,---,---,---,---,---,---,,---,---,,---,---,---,---,---,---,---,---,---,---,---
Night and Day used,8,---,,Dodge +20 [1500 SP],---,---,,Luck +6,---,---,---,---,---,---,---,,---,---,,---,---,---,---,---,---,---,---,---,---,---
Lunar <> Solar Brace,9,Sword,,---,---,---,,---,---,---,---,---,---,---,---,,---,---,,---,---,---,---,---,---,---,---,---,---,---
Gentility <> Bravery,10,---,,---,---,---,,---,---,---,---,---,---,---,---,,---,---,,Wind Sword,---,---,---,---,---,---,---,---,---,---
,11,---,,---,---,---,,---,---,---,---,---,---,---,---,,---,---,,---,---,---,---,---,---,---,---,---,---,---
When Engaged,12,---,,Lance Agility 3 [2000 SP],---,---,,Dexterity +3,---,---,---,---,---,---,---,,---,---,,---,---,---,---,---,---,---,---,---,---,---
Lunar -> Eclipse Brace,13,---,,Lunar Brace+ [5000 SP],---,---,,Lunar Brace+,---,---,---,---,---,---,---,,---,---,,---,---,---,---,---,---,---,---,---,---,---
Gentility -> Blue Skies,14,---,,Dodge +25 [2000 SP],---,---,,Magic +3,---,---,---,---,---,---,---,,---,---,,---,---,---,---,---,---,---,---,---,---,---
,15,---,,---,---,---,,---,---,---,---,---,---,---,---,,---,---,,Sieglinde,---,---,---,---,---,---,---,---,---,---
,16,---,,Lance Agility 4 [3000 SP],---,---,,Luck +8,---,---,---,---,---,---,---,,---,---,,---,---,---,---,---,---,---,---,---,---,---
,17,---,,Lance Agility 5 [4000 SP],---,---,,Dexterity +4,---,---,---,---,---,---,---,,---,---,,---,---,---,---,---,---,---,---,---,---,---
,18,---,,Gentility+ [3000 SP],---,---,,Gentility+,---,---,---,---,---,---,---,,---,---,,---,---,---,---,---,---,---,---,---,---,---
,19,---,,Dodge +30 [2500 SP],---,---,,Luck +10,---,---,---,---,---,---,---,,---,---,,---,---,---,---,---,---,---,---,---,---,---
,20,---,,---,---,---,,---,---,---,---,---,---,---,---,,---,---,,---,---,---,---,---,---,---,---,---,---,---
Alear,0,---,,---,---,---,,---,---,---,---,---,---,---,---,,---,---,,---,---,---,---,---,---,---,---,---,---,---
,1,---,,---,---,---,,HP +5,Speed +1,Defense +1,Holy Aura,---,---,---,---,,Attuned,Foe Engage Attack Damage/2,,Lyrátion,---,---,---,---,---,---,---,---,---,---
,2,---,,---,---,---,,---,---,---,---,---,---,---,---,,---,---,,---,---,---,---,---,---,---,---,---,---,---
,3,---,,---,---,---,,---,---,---,---,---,---,---,---,,---,---,,---,---,---,---,---,---,---,---,---,---,---
,4,---,,---,---,---,,---,---,---,---,---,---,---,---,,---,---,,---,---,---,---,---,---,---,---,---,---,---
,5,---,,---,---,---,,HP +7,Bond Forger,Speed +2,---,---,---,---,---,,---,---,,---,---,---,---,---,---,---,---,---,---,---
,6,---,,---,---,---,,---,---,---,---,---,---,---,---,,---,---,,---,---,---,---,---,---,---,---,---,---,---
,7,---,,---,---,---,,---,---,---,---,---,---,---,---,,---,---,,---,---,---,---,---,---,---,---,---,---,---
,8,---,,---,---,---,,---,---,---,---,---,---,---,---,,---,---,,---,---,---,---,---,---,---,---,---,---,---
,9,---,,---,---,---,,---,---,---,---,---,---,---,---,,---,---,,---,---,---,---,---,---,---,---,---,---,---
,10,"Sword, Arts",,---,---,---,,Defense +2,HP +10,---,---,---,---,---,---,,---,---,,Dragon's Fist,---,---,---,---,---,---,---,---,---,---
,11,---,,---,---,---,,---,---,---,---,---,---,---,---,,---,---,,---,---,---,---,---,---,---,---,---,---,---
,12,---,,---,---,---,,---,---,---,---,---,---,---,---,,---,---,,---,---,---,---,---,---,---,---,---,---,---
,13,---,,---,---,---,,---,---,---,---,---,---,---,---,,---,---,,---,---,---,---,---,---,---,---,---,---,---
,14,---,,---,---,---,,---,---,---,---,---,---,---,---,,---,---,,---,---,---,---,---,---,---,---,---,---,---
,15,---,,---,---,---,,---,---,---,---,---,---,---,---,,---,---,,---,---,---,---,---,---,---,---,---,---,---
,16,---,,---,---,---,,---,---,---,---,---,---,---,---,,---,---,,---,---,---,---,---,---,---,---,---,---,---
,17,---,,---,---,---,,---,---,---,---,---,---,---,---,,---,---,,---,---,---,---,---,---,---,---,---,---,---
,18,---,,---,---,---,,---,---,---,---,---,---,---,---,,---,---,,---,---,---,---,---,---,---,---,---,---,---
,19,---,,---,---,---,,---,---,---,---,---,---,---,---,,---,---,,---,---,---,---,---,---,---,---,---,---,---
,20,---,,---,---,---,,Bond Forger+,Speed +3,Defense +3,HP +12,Speed +4,Holy Shield,Defense +4,HP +15,,---,---,,Oligoludia,---,---,---,---,---,---,---,---,---,---
,21,---,,---,---,---,,Boon of Elyos,---,---,---,---,---,---,---,,---,---,,---,---,---,---,---,---,---,---,---,---,---
Edelgard,0,---,,---,---,---,---,---,---,---,---,---,---,---,---,,---,---,,---,---,---,---,---,---,---,---,---,---,---
,1,---,,---,---,---,---,Strength +2,Dexterity +1,Defense +1,Friendly Rivalry,Gambit,---,---,---,,Combat Arts,(Foe Engage Atk Dmg/2),,Aymr,---,---,---,---,---,---,---,---,---,---
,2,---,,Assembly Gambit [1500 SP],---,---,---,Dexterity +2,---,---,---,---,---,---,---,,---,---,,---,---,---,---,---,---,---,---,---,---,---
,3,---,,Str/Dex +1 [700 SP],---,---,---,Lineage,---,---,---,---,---,---,---,,---,---,,---,---,---,---,---,---,---,---,---,---,---
,4,---,,Lineage [150 SP],---,---,---,Defense +2,---,---,---,---,---,---,---,,---,---,,---,---,---,---,---,---,---,---,---,---,---
,5,---,,Bow Guard 1 [200 SP],---,---,---,---,---,---,---,---,---,---,---,,---,---,,---,---,---,---,---,---,---,---,---,---,---
,6,Axe,,---,---,---,---,---,---,---,---,---,---,---,---,,---,---,,---,---,---,---,---,---,---,---,---,---,---
,7,---,,---,---,---,---,Strength +3,---,---,---,---,---,---,---,,---,---,,---,---,---,---,---,---,---,---,---,---,---
,8,---,,Str/Dex +2 [1600 SP],---,---,---,Dexterity +3,---,---,---,---,---,---,---,,---,---,,---,---,---,---,---,---,---,---,---,---,---
,9,Lance,,Bow Guard 2 [400 SP],---,---,---,---,---,---,---,---,---,---,---,,---,---,,---,---,---,---,---,---,---,---,---,---,---
,10,---,,---,---,---,---,---,---,---,---,---,---,---,---,,---,---,,Areadbhar,---,---,---,---,---,---,---,---,---,---
,11,---,,---,---,---,---,---,---,---,---,---,---,---,---,,---,---,,---,---,---,---,---,---,---,---,---,---,---
,12,---,,---,---,---,---,Weapon Sync,---,---,---,---,---,---,---,,---,---,,---,---,---,---,---,---,---,---,---,---,---
,13,Bow,,Weapon Sync [3000 SP],Str/Dex +3 [4200 SP],---,---,---,---,---,---,---,---,---,---,,---,---,,---,---,---,---,---,---,---,---,---,---,---
,14,---,,---,---,---,---,Defense +3,---,---,---,---,---,---,---,,---,---,,---,---,---,---,---,---,---,---,---,---,---
,15,---,,Bow Guard 3 [600 SP],---,---,---,---,---,---,---,---,---,---,---,,---,---,,Failnaught,---,---,---,---,---,---,---,---,---,---
,16,---,,---,---,---,---,Strength +4,---,---,---,---,---,---,---,,---,---,,---,---,---,---,---,---,---,---,---,---,---
,17,---,,Str/Dex +4 [6000 SP],---,---,---,Weapon Sync+,---,---,---,---,---,---,---,,---,---,,---,---,---,---,---,---,---,---,---,---,---
,18,---,,Weapon Sync+ [5000 SP],Bow Guard 4 [800 SP],---,---,Dexterity +4,---,---,---,---,---,---,---,,---,---,,---,---,---,---,---,---,---,---,---,---,---
,19,---,,Str/Dex +5 [8400 SP],---,---,---,Strength +5,---,---,---,---,---,---,---,,---,---,,---,---,---,---,---,---,---,---,---,---,---
,20,---,,Bow Guard 5 [1000 SP],---,---,---,---,---,---,---,---,---,---,---,,---,---,,---,---,---,---,---,---,---,---,---,---,---
Tiki,0,---,,---,---,---,---,---,---,---,---,---,---,---,---,,---,---,,---,---,---,---,---,---,---,---,---,---,---
,1,---,,---,---,---,---,HP +5,Defense +1,Luck +2,Starsphere,(Tiki Equip),---,---,---,,Draconic Form,(Foe Engage Atk Dmg/2),,Eternal Claw,Tail Smash,---,Fire Breath,Fire Breath,Fire Breath,Ice Breath,Flame Breath,Dark Breath,Fire Breath,Fog Breath
,2,---,,Starsphere [1500 SP],---,---,---,Luck +4,---,---,---,---,---,---,---,,---,---,,---,---,---,---,---,---,---,---,---,---,---
,3,---,,HP/Lck +2 [200 SP],---,---,---,Geosphere,---,---,---,---,---,---,---,,---,---,,---,---,---,---,---,---,---,---,---,---,---
,4,---,,Geosphere [500 SP],---,---,---,Defense +2,---,---,---,---,---,---,---,,---,---,,---,---,---,---,---,---,---,---,---,---,---
,5,---,,Special Guard 1 [200 SP],---,---,---,---,---,---,---,---,---,---,---,,---,---,,---,---,---,---,---,---,---,---,---,---,---
,6,Arts,,---,---,---,---,---,---,---,---,---,---,---,---,,---,---,,---,---,---,---,---,---,---,---,---,---,---
,7,---,,---,---,---,---,HP +7,---,---,---,---,---,---,---,,---,---,,---,---,---,---,---,---,---,---,---,---,---
,8,---,,HP/Lck +4 [600 SP],---,---,---,Lifesphere,---,---,---,---,---,---,---,,---,---,,---,---,---,---,---,---,---,---,---,---,---
,9,---,,Lifesphere [1000 SP],---,---,---,Luck +6,---,---,---,---,---,---,---,,---,---,,---,---,---,---,---,---,---,---,---,---,---
,10,---,,Special Guard 2 [400 SP],---,---,---,Lightsphere,---,---,---,---,---,---,---,,---,---,,---,---,---,---,---,---,---,---,---,---,---
,11,---,,Lightsphere [900 SP],---,---,---,---,---,---,---,---,---,---,---,,---,---,,---,---,---,---,---,---,---,---,---,---,---
,12,---,,---,---,---,---,Defense +3,---,---,---,---,---,---,---,,---,---,,---,---,---,---,---,---,---,---,---,---,---
,13,---,,HP/Lck +6 [1100 SP],---,---,---,HP +10,---,---,---,---,---,---,---,,---,---,,---,---,---,---,---,---,---,---,---,---,---
,14,---,,Special Guard 3 [600 SP],---,---,---,Lifesphere+,---,---,---,---,---,---,---,,---,---,,---,---,---,---,---,---,---,---,---,---,---
,15,---,,Lifesphere+ [2000 SP],---,---,---,Luck +8,---,---,---,---,---,---,---,,---,---,,---,---,---,---,---,---,---,---,---,---,---
,16,---,,HP/Lck +8 [1900 SP],---,---,---,Geosphere+,---,---,---,---,---,---,---,,---,---,,---,---,---,---,---,---,---,---,---,---,---
,17,---,,Geosphere+ [1000 SP],---,---,---,Defense +4,---,---,---,---,---,---,---,,---,---,,---,---,---,---,---,---,---,---,---,---,---
,18,---,,Special Guard 4 [800 SP],---,---,---,Luck +10,---,---,---,---,---,---,---,,---,---,,---,---,---,---,---,---,---,---,---,---,---
,19,---,,HP/Lck +10 [3600 SP],---,---,---,Lifesphere++,---,---,---,---,---,---,---,,---,---,,---,---,---,---,---,---,---,---,---,---,---
,20,---,,Lifesphere++ [3000 SP],Special Guard 5 [1000 SP],---,---,---,---,---,---,---,---,---,---,,---,---,,---,---,---,---,---,---,---,---,---,---,---
Hector,0,---,,---,---,---,---,---,---,---,---,---,---,---,---,,---,---,,---,---,---,---,---,---,---,---,---,---,---
,1,---,,Quick Riposte [2000 SP],---,---,---,Defense +2,Strength +1,(Build +1),Quick Riposte,---,---,---,---,,Impenetrable,(Foe Engage Atk Dmg/2),,Wolf Beil,---,---,---,---,---,---,---,---,---,---
,2,---,,Str/Def +1 [700 SP],---,---,---,Strength +2,---,---,---,---,---,---,---,,---,---,,---,---,---,---,---,---,---,---,---,---,---
,3,---,,Adaptability [350 SP],---,---,---,Adaptability,---,---,---,---,---,---,---,,---,---,,---,---,---,---,---,---,---,---,---,---,---
,4,---,,Axe Guard 1 [200 SP],---,---,---,Defense +3,---,---,---,---,---,---,---,,---,---,,---,---,---,---,---,---,---,---,---,---,---
,5,---,,---,---,---,---,---,---,---,---,---,---,---,---,,---,---,,---,---,---,---,---,---,---,---,---,---,---
,6,Axe,,---,---,---,---,---,---,---,---,---,---,---,---,,---,---,,---,---,---,---,---,---,---,---,---,---,---
,7,---,,Str/Def +2 [1600 SP],---,---,---,(Build +2),---,---,---,---,---,---,---,,---,---,,---,---,---,---,---,---,---,---,---,---,---
,8,---,,Heavy Attack [3000 SP],---,---,---,Heavy Attack,---,---,---,---,---,---,---,,---,---,,---,---,---,---,---,---,---,---,---,---,---
,9,---,,Axe Guard 2 [400 SP],---,---,---,Strength +3,---,---,---,---,---,---,---,,---,---,,---,---,---,---,---,---,---,---,---,---,---
,10,---,,---,---,---,---,---,---,---,---,---,---,---,---,,---,---,,Runesword,---,---,---,---,---,---,---,---,---,---
,11,---,,---,---,---,---,---,---,---,---,---,---,---,---,,---,---,,---,---,---,---,---,---,---,---,---,---,---
,12,---,,Str/Def +3 [4200 SP],---,---,---,Piercing Glare,---,---,---,---,---,---,---,,---,---,,---,---,---,---,---,---,---,---,---,---,---
,13,---,,Axe Guard 3 [600 SP],---,---,---,Defense +4,---,---,---,---,---,---,---,,---,---,,---,---,---,---,---,---,---,---,---,---,---
,14,---,,Str/Def +4 [6000 SP],---,---,---,Strength +4,---,---,---,---,---,---,---,,---,---,,---,---,---,---,---,---,---,---,---,---,---
,15,---,,---,---,---,---,---,---,---,---,---,---,---,---,,---,---,,Armads,---,---,---,---,---,---,---,---,---,---
,16,---,,Quick Riposte+ [3000 SP],---,---,---,Quick Riposte+,---,---,---,---,---,---,---,,---,---,,---,---,---,---,---,---,---,---,---,---,---
,17,---,,Axe Guard 4 [800 SP],---,---,---,Build +3,---,---,---,---,---,---,---,,---,---,,---,---,---,---,---,---,---,---,---,---,---
,18,---,,Str/Def +5 [8400 SP],---,---,---,Defense +5,---,---,---,---,---,---,---,,---,---,,---,---,---,---,---,---,---,---,---,---,---
,19,---,,Adaptability+ [700 SP],Axe Guard 5 [1000 SP],---,---,Adaptability+,---,---,---,---,---,---,---,,---,---,,---,---,---,---,---,---,---,---,---,---,---
,20,---,,---,---,---,---,---,---,---,---,---,---,---,---,,---,---,,---,---,---,---,---,---,---,---,---,---,---
Veronica,0,---,,---,---,---,---,---,---,---,---,---,---,---,---,,---,---,,---,---,---,---,---,---,---,---,---,---,---
Soren,0,---,,---,---,---,---,---,---,---,---,---,---,---,---,,---,---,,---,---,---,---,---,---,---,---,---,---,---
,1,---,,Assign Decoy [1500 SP],---,---,---,Resistance +2,(Magic +1),Dexterity +1,Assign Decoy,---,---,---,---,,Flare,(Foe Engage Atk Dmg/2),,Bolting,---,---,---,---,---,---,---,---,---,---
,2,---,,Mag/Res +1 [700 SP],---,---,---,Magic +2,---,---,---,---,---,---,---,,---,---,,---,---,---,---,---,---,---,---,---,---,---
,3,---,,Magic Guard 1 [200 SP],---,---,---,Dexterity +2,---,---,---,---,---,---,---,,---,---,,---,---,---,---,---,---,---,---,---,---,---
,4,---,,Anima Focus [800 SP],---,---,---,Anima Focus,---,---,---,---,---,---,---,,---,---,,---,---,---,---,---,---,---,---,---,---,---
,5,---,,---,---,---,---,---,---,---,---,---,---,---,---,,---,---,,---,---,---,---,---,---,---,---,---,---,---
,6,Dagger,,---,---,---,---,---,---,---,---,---,---,---,---,,---,---,,---,---,---,---,---,---,---,---,---,---,---
,7,---,,Mag/Res +2 [1600 SP],---,---,---,Resistance +3,---,---,---,---,---,---,---,,---,---,,---,---,---,---,---,---,---,---,---,---,---
,8,---,,Magic Guard 2 [400 SP],---,---,---,Magic +3,---,---,---,---,---,---,---,,---,---,,---,---,---,---,---,---,---,---,---,---,---
,9,---,,Keen Insight [1500 SP],---,---,---,Keen Insight,---,---,---,---,---,---,---,,---,---,,---,---,---,---,---,---,---,---,---,---,---
,10,---,,---,---,---,---,---,---,---,---,---,---,---,---,,---,---,,Reflect,---,---,---,---,---,---,---,---,---,---
,11,---,,---,---,---,---,---,---,---,---,---,---,---,---,,---,---,,---,---,---,---,---,---,---,---,---,---,---
,12,Staff,,Mag/Res +3 [4200 SP],---,---,---,Dexterity +3,---,---,---,---,---,---,---,,---,---,,---,---,---,---,---,---,---,---,---,---,---
,13,---,,Block Recovery [1500 SP],Magic Guard 3 [600 SP],---,---,Block Recovery,---,---,---,---,---,---,---,,---,---,,---,---,---,---,---,---,---,---,---,---,---
,14,---,,Mag/Res +4 [6000 SP],---,---,---,Resistance +4,---,---,---,---,---,---,---,,---,---,,---,---,---,---,---,---,---,---,---,---,---
,15,---,,---,---,---,---,---,---,---,---,---,---,---,---,,---,---,,Rexcalibur,---,---,---,---,---,---,---,---,---,---
,16,Tome,,---,---,---,---,---,---,---,---,---,---,---,---,,---,---,,---,---,---,---,---,---,---,---,---,---,---
,17,---,,Magic Guard 4 [800 SP],---,---,---,Magic +4,---,---,---,---,---,---,---,,---,---,,---,---,---,---,---,---,---,---,---,---,---
,18,---,,Keen Insight+ [3000 SP],Mag/Res +5 [8400 SP],---,---,Keen Insight+,---,---,---,---,---,---,---,,---,---,,---,---,---,---,---,---,---,---,---,---,---
,19,---,,Magic Guard 5 [1000 SP],---,---,---,Resistance +5,---,---,---,---,---,---,---,,---,---,,---,---,---,---,---,---,---,---,---,---,---
,20,---,,---,---,---,---,---,---,---,---,---,---,---,---,,---,---,,---,---,---,---,---,---,---,---,---,---,---
Camilla,0,---,,---,---,---,---,---,---,---,---,---,---,---,---,,---,---,,---,---,---,---,---,---,---,---,---,---,---
,1,---,,Spd/Res +1 [250 SP],---,---,---,Speed +2,(Resistance +1),(HP +3),Dragon Vein,---,---,---,---,,Soar,(Foe Engage Atk Dmg/2),,Bolt Axe,---,---,---,---,---,---,---,---,---,---
,2,---,,Lance Guard 1 [200 SP],---,---,---,Resistance +2,---,---,---,---,---,---,---,,---,---,,---,---,---,---,---,---,---,---,---,---,---
,3,---,,Spd/Res +2 [700 SP],---,---,---,HP +5,---,---,---,---,---,---,---,,---,---,,---,---,---,---,---,---,---,---,---,---,---
,4,---,,Decisive Strike [500 SP],---,---,---,Decisive Strike,---,---,---,---,---,---,---,,---,---,,---,---,---,---,---,---,---,---,---,---,---
,5,---,,---,---,---,---,---,---,---,---,---,---,---,---,,---,---,,---,---,---,---,---,---,---,---,---,---,---
,6,Axe,,---,---,---,---,---,---,---,---,---,---,---,---,,---,---,,---,---,---,---,---,---,---,---,---,---,---
,7,---,,Lance Guard 2 [400 SP],---,---,---,Speed +3,---,---,---,---,---,---,---,,---,---,,---,---,---,---,---,---,---,---,---,---,---
,8,---,,Detoxify [250 SP],---,---,---,Detoxify,---,---,---,---,---,---,---,,---,---,,---,---,---,---,---,---,---,---,---,---,---
,9,---,,Spd/Res +3 [1200 SP],---,---,---,Resistance +3,---,---,---,---,---,---,---,,---,---,,---,---,---,---,---,---,---,---,---,---,---
,10,---,,---,---,---,---,---,---,---,---,---,---,---,---,,---,---,,Lightning,---,---,---,---,---,---,---,---,---,---
,11,---,,---,---,---,---,---,---,---,---,---,---,---,---,,---,---,,---,---,---,---,---,---,---,---,---,---,---
,12,---,,Groundswell [500 SP],---,---,---,Groundswell,---,---,---,---,---,---,---,,---,---,,---,---,---,---,---,---,---,---,---,---,---
,13,---,,Lance Guard 3 [600 SP],---,---,---,HP +7,---,---,---,---,---,---,---,,---,---,,---,---,---,---,---,---,---,---,---,---,---
,14,---,,Spd/Res +4 [2400 SP],---,---,---,Speed +4,---,---,---,---,---,---,---,,---,---,,---,---,---,---,---,---,---,---,---,---,---
,15,---,,---,---,---,---,---,---,---,---,---,---,---,---,,---,---,,Camilla's Axe,---,---,---,---,---,---,---,---,---,---
,16,---,,Lance Guard 4 [800 SP],---,---,---,Resistance +4,---,---,---,---,---,---,---,,---,---,,---,---,---,---,---,---,---,---,---,---,---
,17,Tome,,---,---,---,---,---,---,---,---,---,---,---,---,,---,---,,---,---,---,---,---,---,---,---,---,---,---
,18,---,,Decisive Strike+ [1000 SP],Spd/Res +5 [4800 SP],---,---,Decisive Strike+,---,---,---,---,---,---,---,,---,---,,---,---,---,---,---,---,---,---,---,---,---
,19,---,,Lance Guard 5 [1000 SP],---,---,---,Speed +5,---,---,---,---,---,---,---,,---,---,,---,---,---,---,---,---,---,---,---,---,---
,20,---,,---,---,---,---,---,---,---,---,---,---,---,---,,---,---,,---,---,---,---,---,---,---,---,---,---,---
Chrom,,---,,---,---,---,---,---,---,---,---,---,---,---,---,,---,---,,---,---,---,---,---,---,---,---,---,---,---
???,0,---,,---,---,---,,---,---,---,---,---,---,---,---,,---,---,,---,---,---,---,---,---,---,---,---,---,---
Prologue Marth,1,---,,---,---,---,,---,---,---,---,---,---,---,---,,---,---,,Falchion,---,---,---,---,---,---,---,---,---,---
Sigurd,0,---,,---,---,---,,---,---,---,---,---,---,---,---,,---,---,,---,---,---,---,---,---,---,---,---,---,---
Ch 2,1,---,,---,---,---,,Defense +3,Movement +1,Canter,---,---,---,---,---,,Gallop,---,,Ridersbane,---,---,---,---,---,---,---,---,---,---
???,0,---,,---,---,---,,---,---,---,---,---,---,---,---,,---,---,,---,---,---,---,---,---,---,---,---,---,---
Ch 7 Lucina,1,---,,---,---,---,,Dual Strike,---,---,---,---,---,---,---,,---,---,,Noble Rapier,---,---,---,---,---,---,---,---,---,---
???,0,---,,---,---,---,,---,---,---,---,---,---,---,---,,---,---,,---,---,---,---,---,---,---,---,---,---,---
Ch 8 Leif,1,---,,---,---,---,,Arms Shield+,Vantage+,---,---,---,---,---,---,,Adaptable,---,,Killer Axe,Master Lance,---,---,---,---,---,---,---,---,---
???,0,---,,---,---,---,,---,---,---,---,---,---,---,---,,---,---,,---,---,---,---,---,---,---,---,---,---,---
Ch 10 Byleth,1,---,,---,---,---,,Divine Pulse,Mentorship,---,---,---,---,---,---,,Instruct,---,,Lúin,---,---,---,---,---,---,---,---,---,---
???,0,---,,---,---,---,,---,---,---,---,---,---,---,---,,---,---,,---,---,---,---,---,---,---,---,---,---,---
Ch 10 Lyn,1,---,,---,---,---,,Alacrity+,---,---,---,---,---,---,---,,Call Doubles,---,,Killer Bow,Mani Katti,---,---,---,---,---,---,---,---,---
Marth,0,---,,---,---,---,,---,---,---,---,---,---,---,---,,---,---,,---,---,---,---,---,---,---,---,---,---,---
Ch 11,1,---,,---,---,---,,Unyielding+,---,---,---,---,---,---,---,,Divine Speed,---,,Rapier,---,---,---,---,---,---,---,---,---,---
Sigurd,0,---,,---,---,---,,---,---,---,---,---,---,---,---,,---,---,,---,---,---,---,---,---,---,---,---,---,---
Ch 11,1,---,,---,---,---,,Canter,---,---,---,---,---,---,---,,Dark Gallop,---,,Ridersbane,Brave Lance,---,---,---,---,---,---,---,---,---
Celica,0,---,,---,---,---,,---,---,---,---,---,---,---,---,,---,---,,---,---,---,---,---,---,---,---,---,---,---
Ch 11,1,---,,---,---,---,,Resonance+,---,---,---,---,---,---,---,,---,---,,Seraphim,---,---,---,---,---,---,---,---,---,---
Micaiah,0,---,,---,---,---,,---,---,---,---,---,---,---,---,,---,---,,---,---,---,---,---,---,---,---,---,---,---
Ch 11,1,---,,---,---,---,,Cleric+,---,---,---,---,---,---,---,,Dark Augment,---,,Shine,---,---,---,---,---,---,---,---,---,---
Roy,0,---,,---,---,---,,---,---,---,---,---,---,---,---,,---,---,,---,---,---,---,---,---,---,---,---,---,---
Ch 11,1,---,,---,---,---,,Hold Out+,---,---,---,---,---,---,---,,Sink Below,---,,Lancereaver,---,---,---,---,---,---,---,---,---,---
Leif,0,---,,---,---,---,,---,---,---,---,---,---,---,---,,---,---,,---,---,---,---,---,---,---,---,---,---,---
Ch 11,1,---,,---,---,---,,Arms Shield+,Vantage+,---,---,---,---,---,---,,Adaptable,---,,Killer Axe,Master Lance,---,---,---,---,---,---,---,---,---
???,0,---,,---,---,---,,---,---,---,---,---,---,---,---,,---,---,,---,---,---,---,---,---,---,---,---,---,---
Ch 14 Byleth,1,---,,---,---,---,,Divine Pulse+,---,---,---,---,---,---,---,,Instruct,---,,Lúin,---,---,---,---,---,---,---,---,---,---
,2,---,,---,---,---,,---,---,---,---,---,---,---,---,,---,---,,Sword of the Creator,---,---,---,---,---,---,---,---,---,---
Marth,0,---,,---,---,---,,---,---,---,---,---,---,---,---,,---,---,,---,---,---,---,---,---,---,---,---,---,---
Ch 17,1,---,,---,---,---,,Perceptive+,Unyielding+,---,---,---,---,---,---,,Divine Speed,---,,Rapier,---,---,---,---,---,---,---,---,---,---
,2,---,,---,---,---,,Break Defenses,---,---,---,---,---,---,---,,---,---,,Mercurius,---,---,---,---,---,---,---,---,---,---
Sigurd,0,---,,---,---,---,,---,---,---,---,---,---,---,---,,---,---,,---,---,---,---,---,---,---,---,---,---,---
Ch 17,1,---,,---,---,---,,Canter+,Momentum+,---,---,---,---,---,---,,Gallop,---,,Ridersbane,---,---,---,---,---,---,---,---,---,---
,2,---,,---,---,---,,Headlong Rush,---,---,---,---,---,---,---,,---,---,,Tyrfing,---,---,---,---,---,---,---,---,---,---
Celica,0,---,,---,---,---,,---,---,---,---,---,---,---,---,,---,---,,---,---,---,---,---,---,---,---,---,---,---
Ch 17,1,---,,---,---,---,,Resonance+,---,---,---,---,---,---,---,,Echo,---,,Recover,Seraphim,---,---,---,---,---,---,---,---,---
Micaiah,0,---,,---,---,---,,---,---,---,---,---,---,---,---,,---,---,,---,---,---,---,---,---,---,---,---,---,---
Ch 17,1,---,,---,---,---,,Cleric,---,---,---,---,---,---,---,,Dark Augment,---,,Shine,Nosferatu,---,---,---,---,---,---,---,---,---
Roy,0,---,,---,---,---,,---,---,---,---,---,---,---,---,,---,---,,---,---,---,---,---,---,---,---,---,---,---
Ch 17,1,---,,---,---,---,,Hold Out+,---,---,---,---,---,---,---,,Sink Below,---,,Lancereaver,Wyrmslayer,---,---,---,---,---,---,---,---,---
Leif,0,---,,---,---,---,,---,---,---,---,---,---,---,---,,---,---,,---,---,---,---,---,---,---,---,---,---,---
Ch 17,1,---,,---,---,---,,Arms Shield+,Vantage+,---,---,---,---,---,---,,Adaptable,---,,Killer Axe,Master Lance,---,---,---,---,---,---,---,---,---
,2,---,,---,---,---,,---,---,---,---,---,---,---,---,,---,---,,Light Brand,---,---,---,---,---,---,---,---,---,---
Micaiah,0,---,,---,---,---,,---,---,---,---,---,---,---,---,,---,---,,---,---,---,---,---,---,---,---,---,---,---
Ch 19,1,---,,---,---,---,,Cleric,---,---,---,---,---,---,---,,Augment,---,,Shine,Nosferatu,---,---,---,---,---,---,---,---,---
,2,---,,---,---,---,,Silence Ward,---,---,---,---,---,---,---,,---,---,,Thani,---,---,---,---,---,---,---,---,---,---
Roy,0,---,,---,---,---,,---,---,---,---,---,---,---,---,,---,---,,---,---,---,---,---,---,---,---,---,---,---
Ch 19,1,---,,---,---,---,,Hold Out++,---,---,---,---,---,---,---,,Sink Below,---,,Lancereaver,Wyrmslayer,---,---,---,---,---,---,---,---,---
,2,---,,---,---,---,,---,---,---,---,---,---,---,---,,---,---,,Binding Blade,---,---,---,---,---,---,---,---,---,---
Celica,0,---,,---,---,---,,---,---,---,---,---,---,---,---,,---,---,,---,---,---,---,---,---,---,---,---,---,---
Ch 20,1,---,,---,---,---,,Resonance+,---,---,---,---,---,---,---,,---,---,,Seraphim,Recover,Ragnarok,---,---,---,---,---,---,---,---
,2,---,,---,---,---,,Unholy Stance,---,---,---,---,---,---,---,,Echo,---,,---,---,---,---,---,---,---,---,---,---,---
Marth,0,---,,---,---,---,,---,---,---,---,---,---,---,---,,---,---,,---,---,---,---,---,---,---,---,---,---,---
Ch 21,1,---,,---,---,---,,Perceptive+,Unyielding++,Break Defenses,---,---,---,---,---,,Divine Speed,---,,Falchion,---,---,---,---,---,---,---,---,---,---
Marth,0,---,,---,---,---,,---,---,---,---,---,---,---,---,,---,---,,---,---,---,---,---,---,---,---,---,---,---
Ch 24,1,---,,---,---,---,,Perceptive+,Unyielding++,---,---,---,---,---,---,,Divine Speed,---,,Rapier,Mercurius,Falchion,---,---,---,---,---,---,---,---
Fell Xen. 1 Tiki,,---,,---,---,---,---,---,---,---,---,---,---,---,---,,---,---,,---,---,---,---,---,---,---,---,---,---,---
Fell Xen. 2 Hector,,---,,---,---,---,---,---,---,---,---,---,---,---,---,,---,---,,---,---,---,---,---,---,---,---,---,---,---
Fell Xen. 3 Veronica,,---,,---,---,---,---,---,---,---,---,---,---,---,---,,---,---,,---,---,---,---,---,---,---,---,---,---,---
Fell Xen. 4 Soren,,---,,---,---,---,---,---,---,---,---,---,---,---,---,,---,---,,---,---,---,---,---,---,---,---,---,---,---
Fell Xen. 4 Camilla,,---,,---,---,---,---,---,---,---,---,---,---,---,---,,---,---,,---,---,---,---,---,---,---,---,---,---,---
Fell Xen. 5 Chrom,,---,,---,---,---,---,---,---,---,---,---,---,---,---,,---,---,,---,---,---,---,---,---,---,---,---,---,---
Fell Xen. 5 Hector,,---,,---,---,---,---,---,---,---,---,---,---,---,---,,---,---,,---,---,---,---,---,---,---,---,---,---,---
Fell Xen. 5 Veronica,,---,,---,---,---,---,---,---,---,---,---,---,---,---,,---,---,,---,---,---,---,---,---,---,---,---,---,---
Fell Xen. 6 Tiki,,---,,---,---,---,---,---,---,---,---,---,---,---,---,,---,---,,---,---,---,---,---,---,---,---,---,---,---
Fell Xen. 6 Hector,,---,,---,---,---,---,---,---,---,---,---,---,---,---,,---,---,,---,---,---,---,---,---,---,---,---,---,---
Fell Xen. 6 Veronica,,---,,---,---,---,---,---,---,---,---,---,---,---,---,,---,---,,---,---,---,---,---,---,---,---,---,---,---
Fell Xen. 6 Soren,,---,,---,---,---,---,---,---,---,---,---,---,---,---,,---,---,,---,---,---,---,---,---,---,---,---,---,---
Fell Xen. 6 Camilla,,---,,---,---,---,---,---,---,---,---,---,---,---,---,,---,---,,---,---,---,---,---,---,---,---,---,---,---
Fell Xen. 6 Chrom,,---,,---,---,---,---,---,---,---,---,---,---,---,---,,---,---,,---,---,---,---,---,---,---,---,---,---,---
Fell Xen. 6 Edelgard,,---,,---,---,---,---,---,---,---,---,---,---,---,---,,---,---,,---,---,---,---,---,---,---,---,---,---,---